taskid,est,act
1,33,18.7201746522821
2,7,6.15127637455005
3,54,29.9524397445622
4,7,7.05122409897829
5,54,29.1743376199825
6,54,31.8609361269169
7,4,1.96963789787352
8,7,4.58721617975494
9,7,6.15650879895659
10,54,30.6701909195118
11,12,9.57660291588342
12,4,4.26165502127809
13,20,11.1539337109107
14,20,13.2224243196171
15,33,20.2261682536474
16,12,8.66514455721463
17,2,1.7185094507243
18,33,19.8354921757334
19,7,4.46109534488495
20,33,19.0481738057009
